{"blocks":[-30884.303986,-30699.57752,-30884.333735,-30699.57752,-30884.333735,-30884.333735,-30699.57752,-30884.333736,-30884.333736,-30699.57752,-30884.333735,-30884.333735,-30699.57752,-30884.333735,-30699.57752,-30884.303986],
"caps":[-28.767449,-28.767449,-28.767449,-28.767449,-28.767449,-28.767449,-28.767449,-28.76744,-28.767449,-28.767449,-28.767449,-28.767449,-28.767449,-28.767449,-28.767449],
"dimers":[-61553.866446,-61553.898794,-61553.898794,-61553.898793,-61738.652045,-61553.898795,-61553.898795,-61738.652048,-61553.898795,-61553.898795,-61738.652045,-61553.898793,-61553.898794,-61553.898794,-61553.866446]}
